lam,1,2,3,4,5,6,7,8,9,10,11,12,13,14,15,16,17,18,19,20,21,22,23,24,25,26,27,28,29,30,31,32,33,34,35,36,37,38,39,40,41,42,43,44,45,46,47,48,49,50,51,52,53,54,55,56,57,58,59,60,61,62,63,64,65,66,67,68,69,70,71,72,73,74,75,76,77,78,79,80,81,82,83,84,85,86,87,88,89,90,91,92,93,94,95,96,97,98,99,100,101,102,103,104,105,106,107,108,109,110,111,112,113,114,115,116,117,118,119,120,121,122,123,124,125,126,127,128,129,130,131,132,133,134,135,136,137,138,139,140,141,142,143,144,145,146,147,148,149,150,151,152,153,154,155,156,157,158,159,160,161,162,163,164,165,166,167,168,169,170,171,172,173,174,175,176,177,178,179,180,181,182,183,184,185,186,187,188,189,190,191,192,193,194,195,196,197,198,199,200,201,202,203,204,205,206,207,208,209,210,211,212,213,214,215,216,217,218,219,220,221,222,223,224,225,226,227,228,229,230,231,232,233,234,235,236,237,238,239,240,241,242,243,244,245,246,247,248,249,250,251,252,253,254,255,256,257,258,259,260,261,262,263,264,265,266,267,268,269,270,271,272,273,274,275,276,277,278,279,280,281,282,283,284,285,286,287,288,289,290,291,292,293,294
QP22,127.916,697.188,588.2,421.952,179.216,283.68,300.864,295.66,420.8,304.456,211.088,588.564,1190.972,1178.1,1205.824,1248.124,1258.056,1941.404,2594.376,2353.276,1892.076,1481.08,1090.984,927.44,647.164,594.408,436.184,474.244,639.092,684.064,737.648,538.02,699.376,1351.34,1290.596,898.14,1067.336,1159.764,1079.476,1217.344,1026.576,431.796,422.632,563.8,1003.156,935.02,1515.412,1854.888,1810.416,984.288,856.36,1284.896,1744.548,2046.856,1153.128,2716.388,4446.928,3426.952,4135.616,3447.776,1453.188,551.5,313.856,355.064,965.764,1233.888,725.744,694.6,911.08,1449.896,1455.18,1159.76,947.5,772.916,761.228,600.016,510.2,471.14,490.9,324.008,305.732,484.368,412.34,455.784,773.94,948.328,776.244,996.992,1403.392,1300.456,549.848,460.976,460.736,756.952,610.32,596.856,105.572,490.228,372.688,363.6,858.012,993.168,870.732,761.692,585.312,528.784,494.22,453.26,450.3,642.316,975.276,1050.656,735.404,685.484,405.78,280.796,228.548,253.984,336.936,256.76,134.468,120.008,447.032,538.352,656.104,635.656,659.992,256.576,286.216,339.516,468.544,500.424,344.908,246.696,641.528,548.924,537.056,437.936,289.476,344.88,355.06,271.528,584.292,292.828,286.348,244.84,225,295.824,318.992,331.728,168.88,187.132,240.292,241.336,243.824,201.652,228.792,176.924,205.256,192.04,288.14,223.524,195.9,291.064,235.332,577.48,696.372,566.74,573.456,249.34,535.424,365.308,241.096,232.604,327.344,418.768,265.584,152.556,255.84,192.632,102.936,120.172,199.456,185.488,160.868,419.488,501.488,239.756,200.396,219.552,300.276,227.056,189.856,279.904,185.06,237.548,230.188,221.972,264.756,336.564,439.82,455.48,835.976,555.704,613.296,716.468,242.696,236.164,425.904,425.992,294.428,298.492,540.68,616.58,834.736,1083.64,653.02,713.484,628.672,448.836,291.52,528.148,710.572,318.776,188.78,212.272,272.5,98.492,98.576,94.44,199.26,415.004,310.128,199.94,265.196,211.676,186.384,140.384,170.172,185.14,161.572,166.084,276.316,393.964,374.596,344.176,428.68,255.988,406.72,446.064,425.652,496.652,324.584,214.356,213.448,270.736,546.26,545.116,620.608,561.168,513.264,254.772,289.812,310.016,277.764,399.428,457.312,331.244,375.596,603.744,661.096,446.556,483.516,832.884,380.684,623.96,1014.716,398.648,330.46,468.204,589.232,405.912,279.96,161.564,142.224,168.504,121.34,201.02,200.244,205.756,154.496,178.96,210.916,254.612
QP28,70.488,326.984,275.164,204.36,79.544,125.608,134.248,127.768,178.156,138.904,100.74,258.092,548.124,545.292,560.084,567.872,571.732,850.668,1106.04,1024.252,780.4,601.672,462.344,404.944,268.216,247.324,198.668,215.448,264.504,289.836,311.132,217.78,284.912,599.312,592.176,408.212,437.784,449.992,392.72,441.492,396.308,167.232,168.664,234.96,500.188,456.152,722.592,906.528,885.444,466.964,413.252,554.552,779.516,942.208,471.524,1345.568,2472.088,1748.168,2097.136,1671.664,690.196,231.44,115.672,131.24,376.308,491.492,302.58,325.388,415.316,626.556,645.524,502.94,415.128,339.968,339.496,254.304,232.436,205.008,224.24,147.484,146.824,214.136,178.724,192.192,353.736,464.06,381.676,496.816,721.052,667.764,256.092,222.064,232.816,368.468,279.828,272.788,53.276,232.596,176.036,177.952,419.872,486.716,426.672,369.94,279.448,241.028,226.052,215.016,212.076,313.08,483.908,519.996,358.976,333.288,197.488,135.048,112.488,123.824,162.272,134.84,67.848,61.908,202.956,253.584,301.84,285.94,259.42,113.5,138.132,163.556,229.12,244.344,168.8,116.608,301.872,262.072,262.268,214.656,144.4,165.632,171.972,130.888,292.708,146.084,140.58,112.88,105.204,139.94,161.9,167.808,86.204,91.576,118.612,115.348,123.776,102.932,114.448,91.456,102.884,95.488,139.208,110.596,95.864,143.796,120.032,284.764,342.02,283.052,283.604,116.644,242.776,164.412,108.724,103.18,149.6,197.288,123.708,74.4,124.056,93.592,53.412,62.524,97.028,91.876,79.024,207.02,250.284,113.652,96.992,105.472,146.26,107.272,91.864,125.26,89.104,112.996,107.028,101.348,119.192,163.244,216.224,224.276,414.664,269.136,302.796,362.308,119.332,117.324,207.392,200.376,146.312,145.044,258.524,260.3,362.824,498.22,318.764,323.064,277.252,206.748,140.632,243.06,332.92,152.128,91.104,103.176,131.888,49.252,48.612,45.184,93.476,193.204,144.728,95.668,123.96,101.188,88.136,68.616,82.108,89.644,80.34,80.328,129.016,185.22,174.352,161.652,191.836,122.548,186.536,211.592,198.708,231.724,161.996,106.108,103.792,118.432,261.424,256.82,279.68,268.832,245.992,127.48,144.404,148.52,131.904,188.208,209.552,146.588,169.692,275.264,293.476,200.372,228.368,376.32,171.536,294.556,485.572,183.456,151.408,213.36,270.3,187.756,134.832,78.672,73.3,84.564,62.452,97.016,95.976,100.42,77.192,88.776,102.568,125.604
QP34,37.968,169.672,145.992,105.164,40.928,62.948,65.888,63.168,80.688,65.632,48.016,113.232,278.148,285.956,286.684,291.828,288.6,374.712,475.204,443.404,323.9,247.724,205.42,186.4,121.972,109.444,89.492,96.948,117.268,128.716,135.248,88.512,115.052,253.392,269.092,187.884,174.032,175.572,144.812,163.844,158.156,72.944,74.208,102.648,253.116,230.264,318.576,404.88,396.8,227.428,209.052,224.652,332.168,397.668,183.04,598.74,1256.072,816.908,939.192,744.196,324.728,98.068,40.488,46.788,140.364,181.088,123.068,150.74,197.1,284.02,300.544,214.688,175.876,149.412,148.716,110.74,108.588,94.34,108.42,74.16,78.336,110.968,90.528,96.3,166.964,227.224,196.82,251.624,363.304,341.7,129.756,120.18,124,181.736,136.148,129.896,30.22,122.34,98.312,91.908,211.772,239.904,216.12,185.22,142.108,119.748,114.524,110.26,111.956,163.808,247.008,261.044,181.18,169.804,103.476,73.124,62.344,69.9,87.104,73.264,38.464,34.976,106.484,133.212,154.944,144.94,120.7,58.084,71.86,82.536,110.608,117.612,84.988,60.18,146.364,132.96,130.668,108.276,77.976,87.792,91.868,68.956,151.208,80.036,74.708,59.156,53.496,72.46,87.328,90.108,47.84,49.48,65.3,60.1,68.192,55.788,60.948,50.724,55.072,51.888,71.644,60.652,53.104,75.932,64.32,145.148,169.448,144.788,145.556,59.472,119.224,79.188,54.852,52.052,78.548,100.9,64.292,41.12,65.748,51.024,30.916,35.924,52.604,50.096,42.944,105.096,129.236,57.168,50.06,55.02,75.04,54.828,48.852,63.712,46.192,57.264,55.476,51.808,59.536,83.272,108.68,115.616,212.904,139.36,161.908,194.516,65.784,63.12,107.832,98.528,78.076,77.764,135.292,112.712,155.752,227.124,154.904,143.004,122.384,93.852,68.94,112.308,159.348,77.924,46.76,52.812,68.712,27.496,27.412,24.652,46.848,99.656,76.368,51.608,62.7,55.408,45.48,37.692,44.9,48.84,45.78,42.448,65.988,91.752,90.472,82.456,100.412,68.588,87.428,107.244,105.732,115.604,89.104,57.316,55.056,54.488,133.468,124.564,125.292,129.328,118.6,64.544,72.396,74.188,66.68,92.56,98.62,70.008,78.044,126.6,139.072,94.588,110.688,176.152,83.104,141.116,234.32,89.068,78.196,99.084,125.052,86.88,65.604,40.268,38.58,44.82,33.752,47.464,48.336,50.264,39.556,46.524,53.084,64.544
QP38,25.44,108.264,96.252,66.52,26.932,39.892,40.532,39.116,47.744,39.768,30.484,64.696,172.252,177.888,178.108,181.3,179.828,214.816,265.16,247.864,176.564,134.824,116.84,107.468,68.808,61.928,49.08,54.052,66.236,73.536,76.392,47.008,62.392,141.088,155.568,110.472,95.536,98.932,79.704,91.3,93.8,44.74,47.036,61.644,167.692,155.884,192.312,238.772,236.388,153.412,140.804,119.756,180.8,215.384,92.536,316.02,743.18,456.404,493.468,410.448,198.308,58.092,19.644,23.08,72.532,91.38,66.972,90.904,120.92,179.944,183.124,123.78,101.16,87.452,90.676,66.624,65.156,56.952,66.06,48.056,51.68,73.38,62.632,63.408,102.808,141.492,127.736,157.936,223.036,215.832,82.132,81.812,81.7,119.856,84.368,77.68,22.408,81.732,68.66,60.288,135.056,146.232,138.316,121.664,92.356,73.46,70.244,76.172,73.68,106.984,156.716,162.616,114.5,107.908,67.324,48.744,41.608,49.056,57.428,48.448,26.412,23.448,72.136,93.088,102.892,99.772,78.408,38.984,49.364,54.464,67.2,71.052,53.184,39.708,89.76,85.904,84.092,68.112,51.468,59.36,61.188,44.884,99.3,55.788,50.22,38.332,34.32,46.88,58.42,60.608,32.036,33.484,44.816,39.892,46.544,37.244,40.264,34.068,36.564,34.212,46.172,40.804,36.7,50.972,43.332,92.148,106.78,91.3,92.748,39.064,78.124,52.276,35.56,33.96,51.844,64.216,41.864,28.492,44.744,35.24,21.276,24.384,35.392,33.836,28.952,65.352,81.148,37.6,32.856,35.92,48.116,35.704,32.576,41.14,31.56,37.524,36.372,33.948,37.552,53.444,67.492,77.04,140.948,93.52,110.056,132.244,44.084,41.392,66.964,63.032,51.2,52.844,93.372,65.024,87.344,137.776,96.892,84.512,68.672,55.128,40.428,64.904,95.536,50.528,30.056,34.988,47.1,19.092,20.544,17.076,30.392,63.476,49.76,35.292,41.564,37.004,29.624,24.98,30.32,32.512,30.604,28.508,43.632,59.808,60.672,55.188,70.7,46.588,51.884,72.188,70.6,74.736,60.248,38.872,36.168,34.232,87.324,76.388,73.084,77.98,70.04,40.276,43.072,44.664,40.748,57.416,62.084,42.876,49.668,74.46,87.724,59.308,69.02,108.532,53.388,87.688,142.928,56.908,50.168,57.772,72.976,50.86,39.668,25.484,24.856,29.06,21.668,29.832,29.856,32.268,26.028,30.772,37.232,42.552
QP42,15.852,71.704,65,42.156,15.4,21.516,22.02,20.764,27.856,24.112,19.848,36.408,101.18,105.768,105.08,107.412,106.772,123.38,148.608,139,96.252,75.448,66.432,61.704,37.792,34.384,26.892,30.012,37.516,42.156,43.756,24.904,34.392,79.656,90.856,67.02,54.764,59.584,48.728,58.36,58.328,30.6,29.68,38.936,118.056,108.988,121.368,142.744,143.572,103.076,99.952,64.752,99.624,117.16,47.3,156.216,408.7,239.348,245.06,216.508,123.764,33.764,10.816,13.38,38.448,47.524,38.536,55.876,71.176,117.348,121.74,74.46,60.104,54.472,58.408,41.372,40.48,34.592,42.388,32.408,34.432,48.984,42.824,42.98,62.78,87.504,86.268,99.14,139.124,134.184,51.484,54.768,55.356,82.452,54.78,46.564,17.48,56.772,51.804,40.144,88.284,90.092,88.304,78.076,61.192,45.632,43.592,53.676,49.672,69.092,99.712,102.5,74.316,70.772,44.868,32.36,25.92,34.02,37.048,31.876,17.936,16.04,49.72,68.744,72.052,69.028,52.472,27,34.028,38.212,41.952,44.524,34.772,26.764,55.112,55.24,57.368,44.004,33.656,39.036,41.44,30.876,66.66,39.232,35.804,26.18,23.036,32,39.584,41.604,23.608,23.384,31.944,27.472,31.568,25.124,29.12,24.148,24.688,23.196,30.74,28.96,25.6,34.832,30.24,57.42,65.804,57.576,60.6,26.204,52.572,36.492,24.752,22.464,35.32,41.468,29.184,19.812,31.788,24.544,15.244,17.428,23.688,23.072,19.832,40.004,49.476,25.412,22.176,23.8,31.216,24.184,21.98,28.672,22.132,24.98,25.512,23.724,26.112,35.088,41.876,50.808,94.032,64.228,79.376,90.932,30.584,28.216,42.472,41.076,34.272,35.772,66.34,38.096,51.812,85.448,61.948,53.048,41.484,30.304,25.64,39.072,59.948,34.716,19.9,22.924,29.808,15.208,16.816,13.652,21.16,41.732,34.356,24.664,28.32,25.184,20.956,17.832,21.324,22.34,22.084,20.208,29.796,40.016,41.336,37.4,51.196,31.56,31.612,49.352,49.96,47.924,41.028,26.068,23.82,23.032,57.76,48.06,44.28,47.772,43.1,23.552,25.564,26.656,24.636,36.316,38.428,27.892,32.98,47.428,58.056,38.352,43.752,70.972,36.776,54.42,87.084,38.84,34.004,34.436,44.172,30.116,24.34,17,18.688,21.276,15.86,19.82,18.412,20.416,17.5,21.66,26.696,29.916
QP48,8.468,33.752,33.388,21.784,7.956,10.416,10.688,9.092,15.796,14.844,12.776,15.716,40.812,43.732,43.24,43.464,43.8,52.528,62.796,59.332,42.068,31.636,29.724,28.276,16.556,16.296,12.916,14.82,18.412,19.848,20.38,11.948,15.4,35.676,43.04,33.276,26.908,30.236,26.528,31.476,31.68,18.028,18.664,20.796,61.932,55.228,51.88,57.944,59.128,51.704,51.656,24.872,40.828,46.488,18.816,51.3,147.02,82.324,69.832,70.756,56.504,16.224,7.964,8.756,17.324,18.504,19.016,26.64,30.048,50.168,62.132,36.952,29.924,28.168,31.48,20.452,20.052,17.724,21.596,19.972,19.184,25.144,23.204,24.256,31.564,41.524,46.596,49.876,65.76,62.896,24.448,28.332,30.308,43.816,31.068,21.552,11.996,33.132,31.948,23.136,43.02,40.376,41.684,39.848,32.1,21.44,20.744,32.216,26.696,36.544,48.076,47.716,35.368,34.268,25.856,16.3,13.936,17.528,19.424,16.296,11.116,10.652,32.064,40.664,40.516,39.016,32.104,16.672,19.448,21.828,20.756,22.292,18.724,15.316,27.068,29.732,30.536,22.984,18.72,19.38,20.728,17.824,35.9,23.156,20.656,14.644,13.032,19.04,23.092,23.636,15.084,13.464,19.456,16.116,18.232,14.492,18.94,15.076,15.532,14,17.1,16.764,14.376,20.44,18.648,29.26,31.46,26.96,29.804,14.808,29.476,20.32,14.972,13.42,18.272,20.644,17.844,13.196,18.932,14.748,10.028,11.232,14.688,14.212,12.296,19.072,23.492,15.168,13.332,14.448,18.456,14.596,14.144,17.82,14.376,14.596,15.996,14.684,16.032,20.144,20.696,27.22,48.976,36.368,47.26,50.904,17.876,16.444,22.332,23.208,19.656,20.74,39.252,18.732,23.016,43.9,34.36,27.932,21.16,14.464,15.088,19.472,30.912,18.22,12.936,14.016,15.296,11.94,12.796,11.448,13.796,23.912,19.364,15.888,17.296,15.76,13.316,12.024,15.012,14.388,15.08,13.712,18.476,22.856,23.268,21.912,31.232,21.524,20.648,31.964,29.6,25.428,26.408,14.92,13.588,13.52,30.828,26.12,21.904,25.82,21.008,12.716,14.656,13.96,13.068,19.424,21.616,15.648,16.732,24.472,29.848,20.124,22.668,34.7,20.516,28,41.02,22.152,20.688,17.88,20.908,15.124,13.204,10.58,12.268,13.344,10.84,11.936,11.18,11.796,11.02,13.288,16.2,18.304
,,,,,,,,,,,,,,,,,,,,,,,,,,,,,,,,,,,,,,,,,,,,,,,,,,,,,,,,,,,,,,,,,,,,,,,,,,,,,,,,,,,,,,,,,,,,,,,,,,,,,,,,,,,,,,,,,,,,,,,,,,,,,,,,,,,,,,,,,,,,,,,,,,,,,,,,,,,,,,,,,,,,,,,,,,,,,,,,,,,,,,,,,,,,,,,,,,,,,,,,,,,,,,,,,,,,,,,,,,,,,,,,,,,,,,,,,,,,,,,,,,,,,,,,,,,,,,,,,,,,,,,,,,,,,,,,,,,,,,,,,,,,,,,,,,,,,,
sony,,,,,,,,,,,,,,,,,,,,,,,,,,,,,,,,,,,,,,,,,,,,,,,,,,,,,,,,,,,,,,,,,,,,,,,,,,,,,,,,,,,,,,,,,,,,,,,,,,,,,,,,,,,,,,,,,,,,,,,,,,,,,,,,,,,,,,,,,,,,,,,,,,,,,,,,,,,,,,,,,,,,,,,,,,,,,,,,,,,,,,,,,,,,,,,,,,,,,,,,,,,,,,,,,,,,,,,,,,,,,,,,,,,,,,,,,,,,,,,,,,,,,,,,,,,,,,,,,,,,,,,,,,,,,,,,,,,,,,,,,,,,,,,,,,,,,,
QP22,60.632,40.2,53.62,136.812,175.164,146.136,222.98,5546.676,5422.364,5134.312,5039.708,5173.532,4648.884,4785.076,5758.692,5398.756,4692.768,4861.38,5419.604,4980.672,4840.464,4920.156,5049.076,4581.612,3464.6,3479,3703.592,3681.972,3760.6,4335.648,3994.664,3690.156,3531.38,3625.488,3462.908,4059.732,5018.68,5421.78,5199.208,4639.692,4908.5,4849.916,3805.74,5431.948,8253.432,10110.252,11147.188,11162.028,10891.86,10460.948,9804.08,8995.148,8135.736,5478.04,3893.836,3852.004,3858.76,3914.136,3811.996,3798.156,4686.872,5678.828,5803.868,5795.24,6042.448,5210.044,4621.864,4258.452,4410.716,4419.184,4435.936,4537.996,4581.748,4480.756,4729.712,4928.376,5279.42,5340.52,5340.376,5354.504,5549.652,5412.392,6502.164,9095.2,10659.324,10282.98,10642.9,11971.008,12588.332,12706.412,11936.396,11255.012,7485.668,9332.648,10645.576,11071.744,10608.936,10940.44,10553.08,10161.556,9421.04,7377.908,7061.532,7292.496,7482.948,7618.792,7665.788,7225.588,9122.732,12131.672,9778.164,10091.692,9975.788,9092.884,12737.76,12930.844,11404.74,11207.048,10224.708,9282.58,8111.288,8105.296,7127.472,7492.188,8557.224,9872.396,10816.136,11353.44,12065.524,12347.064,12003.124,11563.908,11504.24,11077.424,5737.384,4931.532,4523.672,4432.604,5058.848,5379.544,6548.844,6163.428,6223.052,4050.844,2737.32,2831.284,2716.244,2005.708,1855.468,1824.02,2003.608,3498.444,2931.88,4274.204,4442.668,4423.072,4586.24,4767.4,4629.968,4227.12,3916.232,3550.268,4365.336,4605.1,4174.932,4020.548,4932.844,4001.5,4576.504,4287.636,4565.428,4503.864,4612.852,8245.516,8918.012,10054.396,11467.136,13330.348,12269.088,10956.748,8050.212,4246.156,4272.532,4263.636,4369.22,4300.364,4609.36,6474.284,7218.76,7752.516,8037.62,9023.628,9550.836,9709.3,9335.524,8854.392,8499.612,7396.744,6644.824,6463.312,3745.476,2521.188,2341.236,4772.632,6841.936,8284.268,7372.42,8479.604,10967.284,11571.196,10495.048,7360.708,5583.924,7134.036,7274.288,7444.24,10106.432,7958.764,6910.692,6836.084,6411.48,6124.46,5348.312,3947.696,4143.968,4500.032,5982.044,4562.592,6366.504,5142.232,7055.304,5712.972,5234.684,3958.36,3002.472,4798.76,5475.244,4486.016,5262.068,5626.956,4902.236,4537.308,4600.66,3652.776,4350.352,5165.084,4868.904,5378.38,4047.084,4444.92,3821.424,5545.18,5179.62,3869.992,2830.02,2728.396,2596.44,3487.948,4035.132,3957.992,9132.52,9800.932,8221.688,7018.832,7237.848,7629.364,7806.032,8018.376,1203.536,1146.56,1146.116,1155.292,1173.688,1169.936,1167.728,1168.88,1181.44,1175.18,1184.588,1047.116,79.028,105.156,272.056,228.468,429.056,358.156,494.544,265.828,209.244,432.024,257.4,399.504,101.248,78.852
QP28,41.22,32.196,38.976,85.22,123.464,109.22,140.02,2053.392,1986.608,1947.868,1843.44,1788.6,1731.94,1843.28,2081.336,1994.212,1790.644,1793.88,2082.856,1870.672,1799.036,1850.004,1933.76,1949.56,1559.568,1556.78,1679.448,1642.368,1676.032,1958.772,1774.268,1607.672,1556.528,1609.744,1552.04,1827.576,1859.312,1864.572,1789.292,1633.884,1683.072,1638.032,1421.276,2281.964,3154.372,3825.228,4290.316,4433.308,4242.7,3973.408,3637.284,3342.484,2992.684,2485.644,1894.828,1882.684,1866.468,1872.74,1855.528,1845.324,2336.74,2379.312,2316.564,2295.336,2273.944,2042.664,1814.112,1665.076,1690.716,1703.712,1741.964,1752.64,1750.432,1761.936,1887.74,1956.02,2054.6,2133.36,2170.352,2171.124,2219.68,2208.452,2805.468,3521.224,3943.596,3747.796,3904.492,4592.66,4943.724,5040.364,4869.164,4654.608,2899.532,3305.588,3822.664,3935.676,4037.86,4048.968,3903.012,3831.828,4248.152,3615.348,3489.548,3567.436,3586.236,3709.964,3690.52,3519.444,4255.6,5834.908,4407.94,4153.384,4084.664,3624.9,5563.68,5548.372,4701.712,4649.604,4336.884,3977.78,3214.572,3063.836,2488.308,2655.5,3180.432,3955.612,4440.476,4718.84,5244.832,5431.54,5109.78,4801.028,4769.66,4751.22,2301.468,1932.528,1850.908,1827.088,2013.336,2108.044,2629.224,2498.544,2511.096,1694.408,1156.172,1207.048,1152.796,895.856,826.412,850.644,987.936,1779.808,1401.356,2067.748,2206.744,2235.776,2253.14,2292.412,2201.056,2001.468,1873.588,1757.428,2288.208,2468.376,2160.44,1962.22,2090.664,1695.78,1947.268,1849.448,1928.98,1859.656,1928.416,3637.784,3602.74,3870.632,4449.604,5656.196,5273.72,4965.712,3585.416,1964.748,1977.604,1979.976,2034.928,2033.96,2140.108,2602.048,2870.844,3057.892,3089.844,3459.404,3719.108,3734.444,3586.716,3410.848,3260.016,3049.188,3051.632,2665.452,1616.952,1099.868,1026.62,2006.888,2634.168,3064.588,3079.696,3987,5263.184,5767.88,5159.98,3486.452,2654.432,3402.112,3070.672,3147.168,4939.84,3724.192,3327.336,3354.44,3129.62,2965.816,2461.828,1782.564,1930.764,2071.316,2749.256,2148.648,3119.508,2500.252,3534.532,2738.636,2387.976,1785.524,1313.888,2287.356,2555.364,1938.908,2445.232,2574.848,2308.336,2139.884,2084.996,1527.652,1941.912,2493.976,2573.184,2732.904,2089.628,2243.948,2027.24,2892.644,2708.08,1815.692,1376.344,1352.68,1263.336,1713.764,2010.968,1950.828,3509.644,3626.48,3006.724,2595.94,2744.092,2923.956,3050.9,3144.908,538.132,537.2,540.62,541.764,548.324,548.468,549.42,550.856,553.48,553.196,555.968,468.108,53.96,62.28,168.876,164.08,241.196,249.008,300.36,166.356,149.02,238.152,184.8,230.264,67.176,60.456
QP34,28.116,25.06,28.4,51.052,81.816,76.848,82.064,786.836,799.612,763.032,742.6,708.324,703.212,747.476,818.908,771.332,715.428,722.388,843.248,763.812,750.36,757.4,783.4,962.736,791.78,793.052,856.516,840.432,849.38,997.088,900.204,819.516,788.464,818.98,794.272,904.46,791.716,720.764,699.224,653.98,688.26,695.936,655.156,1091.036,1435.168,1700.516,1895.896,1942.7,1864.072,1761.428,1623.692,1478.684,1336.628,1154.728,917.752,911.3,906.496,907.104,901.86,896.448,1103.576,1055.12,1003.492,986.528,951.272,864.472,782.596,726.812,734.824,745.516,760.152,759.036,766.784,781.172,826.78,854.892,885.832,932.716,951.68,941.452,953.204,953.436,1199.716,1460.372,1614.212,1532.164,1586.436,1820.492,2016.324,2108.7,2042.068,2010.752,1256.692,1402.224,1578.208,1589.14,1652.996,1665.444,1594.296,1568.676,1850.488,1865.06,1817.848,1851.164,1850.208,1888.564,1905.928,1832.452,2063.644,2423.34,2009.972,1731.464,1713.04,1566.232,2455.408,2405.148,2054.544,2046.484,1890.584,1703.148,1202.248,1143.232,939.94,1053.292,1272.42,1650.752,1874.676,1968.416,2138.7,2205.412,2156.884,2051.272,2037.224,2025.44,1144.776,978.024,932.5,934.528,978.028,989.312,1218.956,1183.748,1219.644,849.228,607.18,632.528,601.768,475.52,446.392,456.896,531.516,889.316,696.256,951.356,1004.328,967.184,992.032,1028.736,998.676,940.508,889.892,837.02,1067.076,1152.836,1009.516,904.14,973.332,802.828,923.496,876.292,884.148,861,897.084,1658.184,1627.548,1733.148,1967.74,2460.82,2337.18,2247.12,1671.676,997.332,1002.176,1000.424,1028.532,1033.296,1067.356,1156.104,1260.232,1331.452,1330.128,1455.848,1551.54,1575.708,1515.252,1457.524,1383.656,1369.088,1510.1,1120.72,778.952,565.1,531.628,889.776,1037.572,1221.356,1358.164,1897.344,2407.8,2771.504,2407.26,1685.988,1287.26,1664.204,1367.26,1413,2305.708,1797.484,1693.36,1696.772,1608.944,1519.236,1241.204,856.632,927.036,990.584,1300.48,1006,1501.54,1193.808,1596.844,1298.496,1093.24,862.724,636.424,1097.98,1216.304,918.908,1150,1211.38,1098.904,1033.44,976.604,734.696,930.252,1211.296,1291.36,1379.596,1062.644,1146.312,1063.764,1479.008,1419.804,903.832,697.924,690.612,629.668,872.824,980.376,1013.74,1487.752,1572.476,1309.292,1082.724,1078.772,1146.368,1208.448,1259.46,294.708,297.56,298.112,299.124,301.864,301.752,303.652,304.792,306.98,306.252,306.616,288.584,35.176,38.64,97.42,111.568,131.928,164.216,187.06,96.88,100.168,130.724,123.756,136.888,43.22,42.828
QP38,24.264,21.872,23.892,35.632,61.66,59.476,57.164,445.836,461.78,429.132,422.688,413.484,403.532,424.476,458.352,429.532,407.056,419.004,477.356,442.784,441.9,444.356,451.056,624.364,518.944,519.752,555.064,549.332,556.1,648.052,585.128,533.668,516.252,531.356,518.992,577.464,495.508,448.792,435.808,402.772,430.444,456.98,421.328,696.836,908.368,1040.384,1126.736,1127.344,1073.136,998.14,918.832,827.232,753.492,670.524,545.252,541.24,538.26,535.072,532.912,530.128,658.572,655.692,626.48,611.52,582.576,531.404,484.44,450.412,451.8,454.676,467.384,468.188,470.348,481.672,505.284,523.152,548.484,579.1,585.244,566.884,573.9,572.624,699.016,833.288,938.62,895.688,908.636,1030.344,1137.44,1184.784,1164.436,1158.268,737.288,842.336,946.58,952.676,987.344,988.808,954.7,923.056,1119.236,1187.972,1158.364,1174.212,1176.368,1204.528,1209.596,1168.716,1279.884,1446.76,1224.66,1046.744,1048.868,974.232,1453.804,1392.496,1202.236,1200.908,1124.468,1011.612,664.428,646.912,524.34,591.112,695.368,879.504,1003.684,1062.884,1145.808,1170.816,1132.484,1066.728,1064.908,1098.276,737.648,643.376,623.14,630.56,664.54,660.572,805.496,775.484,799.476,547.12,402.728,423.992,401.136,317.152,305.392,315.332,366.172,560.244,449.112,598.144,635.728,602.936,612.34,633.132,621.108,578.156,544.744,532.548,671.94,722.376,633.784,563.816,609.352,512.6,587.768,552.816,548.256,549.232,559.152,1026.516,1028.692,1108.328,1234.184,1493.272,1415.436,1357.804,1019.416,612.384,613.3,615.256,635.136,638.504,656.364,699.192,760.584,810.864,811.492,878.616,929.296,943.108,918.6,885.696,838.28,831.236,940.948,1232.496,1181.084,1070.472,1035.552,1036.064,959.092,975.736,522.632,511.704,673.764,672.56,817.732,775.464,876.512,871.044,921.904,713.472,1383.332,1101.052,1054.18,1050.02,999.596,947.54,784.4,540.612,593.204,630.136,818.208,657.716,945.672,749.06,999.972,819.984,666.448,549.624,406.476,711.556,766.432,582.864,733.232,753.224,688.196,643.728,613.192,473.12,608.356,771.632,836.82,877.668,691.668,753.348,714.32,966.596,937.688,592.672,460.708,453.812,415.752,582.42,646.664,675.876,810.272,878.288,736.136,571.136,537.384,564.104,610.22,650.016,199.224,204.24,204.96,206.74,206.72,208.476,208.868,208.868,210.152,211.36,211.284,202.632,28.276,30.904,65.36,83.592,85.868,115.712,126.608,64.372,72.632,85.768,92.528,97.536,32.904,34.084
QP42,24.264,21.872,23.892,35.632,61.66,59.476,57.164,445.836,461.78,429.132,422.688,413.484,403.532,424.476,458.352,429.532,407.056,419.004,477.356,442.784,441.9,444.356,451.056,624.364,518.944,519.752,555.064,549.332,556.1,648.052,585.128,533.668,516.252,531.356,518.992,577.464,495.508,448.792,435.808,402.772,430.444,456.98,421.328,696.836,908.368,1040.384,1126.736,1127.344,1073.136,998.14,918.832,827.232,753.492,670.524,545.252,541.24,538.26,535.072,532.912,530.128,658.572,655.692,626.48,611.52,582.576,531.404,484.44,450.412,451.8,454.676,467.384,468.188,470.348,481.672,505.284,523.152,548.484,579.1,585.244,566.884,573.9,572.624,699.016,833.288,938.62,895.688,908.636,1030.344,1137.44,1184.784,1164.436,1158.268,737.288,842.336,946.58,952.676,987.344,988.808,954.7,923.056,1119.236,1187.972,1158.364,1174.212,1176.368,1204.528,1209.596,1168.716,1279.884,1446.76,1224.66,1046.744,1048.868,974.232,1453.804,1392.496,1202.236,1200.908,1124.468,1011.612,664.428,646.912,524.34,591.112,695.368,879.504,1003.684,1062.884,1145.808,1170.816,1132.484,1066.728,1064.908,1098.276,737.648,643.376,623.14,630.56,664.54,660.572,805.496,775.484,799.476,547.12,402.728,423.992,401.136,317.152,305.392,315.332,366.172,560.244,449.112,598.144,635.728,602.936,612.34,633.132,621.108,578.156,544.744,532.548,671.94,722.376,633.784,563.816,609.352,512.6,587.768,552.816,548.256,549.232,559.152,1026.516,1028.692,1108.328,1234.184,1493.272,1415.436,1357.804,1019.416,612.384,613.3,615.256,635.136,638.504,656.364,699.192,760.584,810.864,811.492,878.616,929.296,943.108,918.6,885.696,838.28,831.236,940.948,1232.496,1181.084,1070.472,1035.552,1036.064,959.092,975.736,522.632,511.704,673.764,672.56,817.732,775.464,876.512,871.044,921.904,713.472,1383.332,1101.052,1054.18,1050.02,999.596,947.54,784.4,540.612,593.204,630.136,818.208,657.716,945.672,749.06,999.972,819.984,666.448,549.624,406.476,711.556,766.432,582.864,733.232,753.224,688.196,643.728,613.192,473.12,608.356,771.632,836.82,877.668,691.668,753.348,714.32,966.596,937.688,592.672,460.708,453.812,415.752,582.42,646.664,675.876,810.272,878.288,736.136,571.136,537.384,564.104,610.22,650.016,199.224,204.24,204.96,206.74,206.72,208.476,208.868,208.868,210.152,211.36,211.284,202.632,28.276,30.904,65.36,83.592,85.868,115.712,126.608,64.372,72.632,85.768,92.528,97.536,32.904,34.084
QP48,17.076,17.744,17.912,19.312,33.42,34.036,27.096,153.612,155.948,135.704,134.92,136.608,134.932,136.588,148.64,140.728,137.828,138.808,160.076,153.024,153.332,158.756,156.872,233.816,205.648,202.572,215.252,212.772,212.868,235.04,236.576,218.744,209.644,207.572,203.564,226.32,223.752,236.976,228.62,206.552,205.368,213.052,179.668,261.124,349.484,379.38,396.808,385.54,358.004,324.092,293.332,262.216,235.04,187,143.992,143.964,144.256,144.1,144.096,143.68,185,213.44,215.484,211.284,204.42,185.188,166.592,154.952,151.04,151.036,151.092,155.128,157.644,162.356,168.292,171.104,175.232,177.9,180.14,182.236,183.552,184.588,205.516,247.304,297.08,281.64,272.78,311.12,331.356,341.9,324.352,322.512,236.908,270.66,306.848,308.296,323.824,313.968,302.768,293.776,357.272,390.748,388.208,391.86,391.804,406.572,401.12,393.448,440.488,582.416,530.232,388.868,393.356,357.968,440.764,411.04,367.684,366.32,343.652,297.512,143.804,136.868,113.872,109.94,124.608,143.012,164.404,166.096,148.964,132.844,127.152,129.896,145.128,201.02,323.672,276.648,260.936,265.608,303.148,306.24,361.52,338.664,349.148,235.816,167.088,176.172,168.844,151.712,153.336,155.364,162.268,183.028,171.3,223.568,252.708,245.612,243.692,248.896,226.796,212.644,199.828,216.36,248.944,266.816,239.444,215.172,230.608,204.176,227.808,213.328,209.064,210.344,208.008,380.344,385.548,411.784,451.392,534.092,482.868,453.4,348.508,196.5,195.78,197.272,204.044,205.72,210.376,239.148,271.144,293.556,298.84,323.604,339.388,341.06,331.66,322.66,313.268,281.004,313.868,315.472,241.172,165.896,157.36,249.508,274.852,305.708,299.04,418.6,497.892,536.552,432.452,338.976,253.496,366.596,308.496,306.716,424.404,336.076,327.492,323.164,312.132,297.108,261.624,182.432,203.112,236.052,287.028,243.756,315.956,266.812,362.484,285.372,207.688,187.024,137.912,244.612,277.98,205.928,253.448,260.636,228.732,200.472,203.496,176.98,217.564,260.672,312.196,296.248,255.972,285.26,274.08,347.08,336.044,231.28,200.188,188.656,173.476,241.624,252.84,280.78,166.468,206.3,184.036,131.836,105.016,93.788,105.148,110,96.584,97.4,98.408,98.78,99.032,100.004,99.84,99.764,100.428,100.508,101.188,95.396,20.232,21.012,25.328,41.432,29.044,50.812,50.104,26,33.516,32.144,46.896,43.304,19.364,21.416
,,,,,,,,,,,,,,,,,,,,,,,,,,,,,,,,,,,,,,,,,,,,,,,,,,,,,,,,,,,,,,,,,,,,,,,,,,,,,,,,,,,,,,,,,,,,,,,,,,,,,,,,,,,,,,,,,,,,,,,,,,,,,,,,,,,,,,,,,,,,,,,,,,,,,,,,,,,,,,,,,,,,,,,,,,,,,,,,,,,,,,,,,,,,,,,,,,,,,,,,,,,,,,,,,,,,,,,,,,,,,,,,,,,,,,,,,,,,,,,,,,,,,,,,,,,,,,,,,,,,,,,,,,,,,,,,,,,,,,,,,,,,,,,,,,,,,,
star,,,,,,,,,,,,,,,,,,,,,,,,,,,,,,,,,,,,,,,,,,,,,,,,,,,,,,,,,,,,,,,,,,,,,,,,,,,,,,,,,,,,,,,,,,,,,,,,,,,,,,,,,,,,,,,,,,,,,,,,,,,,,,,,,,,,,,,,,,,,,,,,,,,,,,,,,,,,,,,,,,,,,,,,,,,,,,,,,,,,,,,,,,,,,,,,,,,,,,,,,,,,,,,,,,,,,,,,,,,,,,,,,,,,,,,,,,,,,,,,,,,,,,,,,,,,,,,,,,,,,,,,,,,,,,,,,,,,,,,,,,,,,,,,,,,,,,
QP22,6.496,247.644,236.376,192.636,162.804,174.064,71.376,74.936,64.312,573.56,64.176,34.336,142.212,244.252,366.828,749.556,951.94,814.792,1002.4,1131.08,1199.3,1016.396,1074.876,1177.02,1234.364,1068.684,663.536,412.412,277.164,187.14,111.852,62.692,37.428,30.516,27.124,40.496,58.46,102.456,106.252,102.708,125.892,317.26,518.84,502.668,521.52,417.332,518.292,450.028,1084.28,1108.356,1510.7,1368.08,1445.236,1267.44,1604.972,1825.404,700.996,701.004,718.192,427.552,524.004,566.364,686.892,551.344,487.96,426.2,437.34,290.468,372.988,635.472,1252.008,898.188,897.64,490.696,903.516,975.436,1000.996,769.76,698.912,153.404,271.664,1155.62,1090.948,1122.832,1032.84,646.3,240.552,255.088,238.848,272.576,281.052,394.232,954.872,325.54,282.176,621.208,793.184,414.408,334.356,477.6,247.692,648.924,580.584,655.764,300.076,499.172,877.232,967.396,719.488,721.532,404.752,564.796,613.56,432.876,609.036,633.896,886.94,542.832,656.06,498.676,528.08,364.432,486.396,677.62,763.492,676.124,565.408,749.136,354.948,674.7,726.176,442.464,755.412,997.196,744.52,433.012,252.148,209.876,134.448,307.952,396.492,448.86,253.952,177.564,736.24,890.036,869.772,817.628,614.588,372.76,240.156,373.88,360.628,350.452,334.236,467.992,782.544,735.18,566.588,707.924,738.68,710.224,773.66,826.024,566.632,274.464,281.328,377.516,264.536,350.98,363.972,225.668,262.168,84.484,98.904,96.86,216.944,306.036,205.02,196.492,243.744,264.088,116.104,319.588,200.752,280.6,428.368,332.136,296.364,345.984,317.436,123.684,115.428,158.916,252.06,156.32,232.74,246.856,159.98,80.368,80.844,117.268,114.676,66.764,35.088,36.532,57.576,65.76,67.384,93.364,116.116,135.388,287.628,391.38,254.304,291.184,504.36,275.224,67.056,279.592,483.788,269.26,198.06,197.048,297.62,380.624,273.36,413.756,334.452,302.46,301.776,389.804,353.584,165.928,198.14,231.4,237.232,379.696,973.092,2050.6,301.508,182.164,246.616,246.776,276.656,284.356,325.772,399.876,378.32,313.292,299.472,234.38,309.836,299.152,326.172,96.608,63.936,149.62,145.98,144.468,480.4,384.916,86.908,113.464,169.14,169.776,176.276,660.828,166.06,190.788,171,388.352,243.58,246.928,160.084,207.748,319.88,305.088,218.232,226.916,276.968,230.064,258.82,109.608,160.56,284.36,410.112,439.388,381.296,390.74,448.824,372.044,83.704,78.828
QP28,6.136,125.512,129.096,92.808,82.616,91.756,37.068,49.112,41.82,289.76,26.388,12.548,64.116,111.656,165.428,319.452,388.024,336.208,425.672,471.492,495.62,418.592,452.48,488.216,506.24,431.084,266.16,173.132,112.936,73.828,42.152,21.848,12.744,10.076,9.408,12.6,18.88,42.492,46.852,47.892,63.02,152.328,253.652,237.216,246.708,200.476,249.184,205.136,511.752,534.104,797.464,661.048,712.664,613.444,794.272,913.852,357.868,339.136,343.468,197.364,251.032,277.16,318.268,216.74,199.608,212.92,213.064,145.116,186.072,267.16,619.964,406.8,437.22,232.288,450.864,487.904,501.88,401.684,341.66,63.272,123.796,572.976,540.84,564.272,501.388,286.02,114.092,125.912,118.128,135.052,144.256,202.068,501.9,168.076,139.22,303.692,395.604,203.248,163.028,222.428,123.572,315.348,283.42,318.356,146.856,247.288,438.184,503.552,362.5,363.968,196.644,278.196,286.168,222.5,301.38,316.636,456.708,283.628,340.004,249.288,256.844,178.78,236.188,336.324,369.58,327.34,280.528,355.848,167.792,323.108,353.664,215.012,363.456,493.68,364.608,213.12,122.2,107.224,63.18,139.52,183.228,213.456,114.684,76.344,352.252,440.188,446.204,402.868,297.592,180.348,116.908,184.704,180.236,175.604,163.832,235.972,389.9,367.696,290.084,365.224,380.632,364.956,398.328,429.332,284.628,140.248,143.66,189.28,129.452,171.804,187.808,101.012,128.564,38.248,45.348,41.016,95.916,137.4,88.172,81.32,101.952,111.852,59.2,150.592,87.172,122.56,194.38,150.576,135.824,157.392,150.784,56.872,53.108,74.132,125.156,70.26,113.472,122.572,78.636,39.608,39.872,48.604,48.62,32.756,17.864,18.88,28.856,33.08,34.156,42.988,51.624,61.192,127.384,170.232,115.576,129.868,228.76,127.192,31.096,118.072,208.32,111.432,82.448,79.504,114.68,155.856,111.808,179.2,144.252,133.572,122.28,151.212,132.844,74.996,83.676,96.88,94.496,154.392,501.548,1115.408,139.736,73.548,99.428,100.384,105.92,115.528,126.824,163.388,160.98,125.888,124.408,98.556,131.872,127.064,150.26,45.624,30.208,68.632,67.204,68.384,223.688,183.064,44.236,56.72,82.404,78.22,84.34,328.796,77.276,91.136,82.456,189.3,127.112,122.396,80.84,103.072,154.052,149.24,106.196,113.268,135.26,113.244,129.428,52.864,81.852,141.016,206.104,213.516,180.368,184.104,208.78,168.088,33.868,31.312
QP34,5.92,66.924,71.348,48.724,42.816,48.588,20.912,31.384,26.832,147.54,14.324,7.768,32.02,55.612,79.268,145.816,174.16,146.692,187.716,206.344,218.24,177.864,196.656,211.828,217.656,182.64,110.168,72.192,47.176,30.444,18.768,10.84,6.88,7.54,8.556,8.936,11.12,23.352,25.732,26.576,35.348,75.76,128.98,117.632,122.416,95.392,122.976,102.528,240.024,254.696,407.072,304.728,341.864,289.536,383.892,439.544,184.944,159.828,167.34,97.96,123.38,139.416,157.652,93.968,90.016,109.448,112.068,76.52,95.536,115.76,286.124,173.884,210.668,115.068,231.376,243.38,254.548,217.056,165.58,27.432,57.08,272.688,259.744,280.352,239.796,119.612,54.924,62.648,59.536,67.72,76.268,116.292,271.92,92.936,72.532,140.904,184.592,98.1,80.18,106.996,63.244,152.736,137.728,151.144,73.332,124.388,218.832,256.728,180.364,181.392,100.564,139.372,141.28,118.888,155.376,163.068,232.688,149.74,172.492,124.736,128.444,92.964,116.516,166.224,179.604,165.668,137.32,166.072,86.06,156.692,171.42,106.888,170.764,238.176,176.36,104.972,60.48,57.256,33.204,69.06,88.436,105.248,59.108,40.308,166.46,219.136,232.144,202.04,151.416,96.084,62.596,97.628,96.044,91.388,87.652,123.78,198.876,181.412,147.128,183.796,197.724,189.48,203.524,223.588,148.744,77.148,78.756,98.576,68.764,90.652,99.988,51.532,64.436,19,22.996,19.772,46.3,68.492,43.32,39.396,49.668,54.16,32.396,75.092,45.248,59.812,92.048,70.628,65.12,78.364,75.592,29.408,28.1,37.808,63.12,33.932,60.18,64.048,42.12,21.8,21.596,26.176,26.044,19.164,12.684,13.084,16.888,18.924,18.324,23.644,27.16,31.404,60.072,78.512,56.408,64.244,108.056,64.964,18.204,53.156,91.132,42.852,32.072,32.988,39.432,59.896,47.372,70.476,66.988,56.752,49.48,56.204,51.36,34.692,37.984,43.812,44.34,71.596,257.104,584.28,69.312,32.66,47.904,45.4,47.62,51.164,52.568,72.084,69.96,57.156,55.588,45.916,55.1,54.572,72.192,24.856,17.008,34.428,34.036,34.404,105.128,88.508,24.728,30.98,43.228,39.952,41.888,158.292,38.96,44.54,40.928,91.476,61.724,60.388,42.672,51.42,75.388,75.38,54.604,58.828,69.692,59.732,68.18,27.596,45.912,74.736,105.996,103.6,90.212,89.92,97.452,76.86,14.58,13.812
QP38,5.84,41.308,47.048,30.58,27.312,32.112,14.776,22.08,19.3,101.292,13.876,9.332,24.644,39.924,54.756,92.632,108.52,93.292,117.304,128.444,134.136,111.156,122.132,130.62,132.816,111.144,68.22,45.56,30.22,20.72,14.052,9.996,7.9,8.164,8.36,8.504,10.244,18.488,19.024,19.756,26.84,48.46,82.408,75.28,75.384,59.5,79.076,68.848,144.576,152.816,254.744,176.432,205.276,173.428,234.664,261.616,116.7,96.996,103.476,61.724,77.572,88.124,101.632,58.436,56.188,71.556,74.716,50.684,62.424,66.568,158.732,97.116,129.74,73.124,145.712,152.1,159.62,143.036,103.076,17.564,35.092,160.144,156.308,172.792,145.724,66.74,35.592,38.344,37.364,42.268,49.608,77.492,185.488,63.928,47.936,80.84,107.56,58.86,50.092,65.856,40.488,92.06,85.704,91.44,45.988,77.432,134.96,162.484,110.592,114.284,65.684,89.984,89.156,78.044,100.836,105.644,151.976,98.38,109.672,79.164,80.44,57.86,71.06,102.196,109.212,105.804,86.608,99.356,54.632,96.744,104.672,66.808,100.54,142.232,106.408,66.1,37.748,38.536,22.888,46.3,55.712,66.68,39.552,28.696,100.104,135.34,153.436,126.92,97.596,63.724,43.296,64.688,63.364,61.576,58.332,81.784,126.128,112.592,94.8,117.064,122.968,122.148,132.388,143.436,97.788,52.552,52.82,63.98,46.72,61.336,68.752,33.14,42.384,13.668,16.776,14.216,30.36,44.628,28.292,25.124,31.168,34.52,22.736,47.688,31.484,38.268,55.916,43,41.292,51.512,49.268,19.788,18.896,24.768,41.764,22.688,39.892,43.748,29.06,15.308,15.532,18.556,18.312,14.5,10.328,10.436,12.188,13.308,12.936,16.28,18.364,21.492,37.548,47.904,34.908,40.336,66.916,42.592,13.508,31.612,53.644,24.556,18.736,18.956,22.468,36.888,28.536,41.908,41.536,34.18,25.588,29.272,29.032,20.848,23.304,28.1,28.072,45.572,157.656,356.78,43.668,21.768,31.712,28.964,30.82,34.064,32.652,46.056,44.668,35.444,33.116,29.392,33.968,33.616,44.316,18.332,13.296,22.932,22.852,23.392,63.192,53.404,18.108,22.252,29.012,27.372,26.896,93.508,26.16,27.512,25.288,56.368,38.696,37.764,27.156,32.46,48.34,48.488,34.848,38.992,43.996,39.116,44.844,18.12,31.62,49.224,66.868,63.38,56.552,54.164,57.848,47.18,10.516,10.128
QP42,6.164,27.836,31.804,21.18,18.8,22.376,12.684,17.536,15.844,73.916,10.628,7.892,18.66,29.592,40.184,66.108,76.196,65.088,80.98,87.176,90.692,75.048,82.472,87.628,88.788,74.02,45.432,30.196,20.26,14.924,10.644,8.244,8.084,7.688,7.916,8.132,8.352,14.716,16.3,15.74,20.768,31.492,54.88,48.004,46.984,39.648,53.456,44.78,87.264,91.628,161.988,102.716,124.176,103.16,144.308,153.38,75.728,60.648,64.796,40.748,49.364,55.624,65.876,37.516,35.636,46.528,51.972,35.696,41.972,40.228,89.236,55.648,79.312,46.64,92.128,96.356,99.304,97.736,64.724,12.32,22.904,94.54,93.056,107.036,90.776,40.452,25.52,24.488,24.384,28.004,33.128,54.056,126.032,46.692,32.584,46.888,61.028,36.04,32.912,43.024,26.364,55.748,53.012,54.872,29.528,48.944,85.076,105.196,70.828,71.616,43.968,59.584,57.312,50.548,67.1,69.42,98.216,66.236,70.468,49.836,51.92,36.584,43.116,61.724,67.604,68.952,56.92,60.848,36.984,60.968,63.408,41.216,60.192,85.744,63.708,43.22,24.272,26.312,16.868,30.26,34.412,40.816,28.116,21.504,60.664,81.744,103.38,81.884,63.052,42.716,30.64,42.952,43.68,42.372,40.124,56.228,80.68,71.736,60.86,75.484,78.316,80.204,86.332,93.296,63.608,37.328,37.316,42.628,33.228,41.932,49.288,23.2,29.264,10.664,12.416,11.268,20.472,29.052,19.616,17.128,21.08,24.348,17.212,31.376,22.516,26.276,36.076,28.588,27.904,34.812,32.268,14.936,14.1,17.388,28.324,16.572,27.136,28.712,20.432,12.34,12.32,14.408,13.404,11.576,8.976,9.104,10.704,10.628,10.552,11.956,12.74,14.896,24.812,30.44,23.852,26.524,42.464,28.96,11.144,22.024,35.22,16.32,12.592,12.592,15.132,21.556,19.232,27.712,26.564,23.784,15.32,17.7,18.136,14.44,15.84,18.86,20.048,30.908,93.884,209.74,29.52,15.936,24.084,21.516,21.704,23.692,21.18,31.112,30.848,23.7,20.38,19.072,22.812,20.716,29.348,14.584,10.656,16.608,17.148,17.776,39,33.132,14.784,16.644,20.804,18.38,18.424,53.508,18.1,17.864,17.232,34.716,25.556,24.816,18.092,20.936,31.484,31.256,23.188,26.348,28.4,25.868,29.836,13.456,22.444,34.256,43.188,39.46,36.608,33.512,34.808,29.06,10.02,9.952
QP48,5.984,14.948,18.868,12.584,11.1,13.328,8.536,10.492,10.224,51.052,7.884,7.684,13.26,21.424,26.108,39.704,44.42,37.86,44.844,47.924,49.308,41.26,45.172,47.372,48.54,40.74,24.684,15.656,11.944,9.288,7.544,6.22,6.404,7.34,7.44,7.84,8.46,11.416,11.116,11.368,14.34,17.828,28.904,24.94,22.948,22.116,30.636,24.94,41.356,42.208,81.82,45.196,56.372,47.716,65.696,70.648,39.58,30.64,32.084,21.032,25.012,28.596,34.684,18.844,15.952,25.936,30.692,21.584,24.18,19.828,41.584,27.308,37.952,26.656,46.892,50.472,47.924,55.072,35.34,9.628,13.188,41.028,42.016,50.18,46.26,20.724,18.036,14.228,14.88,16.408,20.668,32.932,71.128,27.62,20.18,22.556,26.736,18.952,18.916,24.204,16.548,26.76,25.288,26.148,16.004,24.38,43.888,52.12,35.688,33.948,23.336,32.36,27.996,27.76,34.544,37.532,50.572,35.504,36.076,25.864,26.364,20.872,21.984,31.732,33.392,35.564,29.724,28.224,20.696,29.288,30.784,21.764,28.936,39.724,28.992,21.32,13.544,13.396,11.232,15.96,18.528,21.028,17.284,14.096,28.94,39.34,56.108,41.832,32.824,23.78,19.208,23.796,25.608,24.488,22.872,33.828,40.708,35.592,32.888,40.48,41.584,41.648,45.76,47.408,34.092,23.088,23.136,24.9,21.096,24.908,27.556,16.016,18.512,9.7,9.212,8.608,13.252,18.26,14.04,11.94,12.864,16.232,13.076,18.7,16.152,18.04,20.548,16.668,17.224,20.828,20.416,11.452,11.104,12.668,17.08,10.584,16.684,17.164,13.944,9.58,9.604,10.772,10.46,10.252,9.26,8.992,9.78,9.464,8.816,9.116,9.512,10.452,15.08,16.892,15.396,15.092,22.408,17.652,9.86,15.492,20.924,11.792,9.888,9.18,10.468,10.74,12.048,13.4,14.632,15.692,10.164,10.98,11.328,10.812,11.308,11.844,12.744,18.216,39.896,84.532,17.136,10.332,15.392,13.196,12.468,14.104,13.076,17.944,16.456,13.956,12.128,11.456,13.38,11.916,19.052,12.192,9.864,11.268,11.992,11.736,19.168,17.124,10.492,11.076,13.424,11.288,12.28,24.004,11.24,11.872,11.596,18.38,14.076,13.844,11.032,12.432,16.952,16.468,12.956,14.236,14.964,14.196,16.02,9.236,13.336,20.28,21.512,19.068,19.856,17.044,16.116,14.056,7.996,8.636
,,,,,,,,,,,,,,,,,,,,,,,,,,,,,,,,,,,,,,,,,,,,,,,,,,,,,,,,,,,,,,,,,,,,,,,,,,,,,,,,,,,,,,,,,,,,,,,,,,,,,,,,,,,,,,,,,,,,,,,,,,,,,,,,,,,,,,,,,,,,,,,,,,,,,,,,,,,,,,,,,,,,,,,,,,,,,,,,,,,,,,,,,,,,,,,,,,,,,,,,,,,,,,,,,,,,,,,,,,,,,,,,,,,,,,,,,,,,,,,,,,,,,,,,,,,,,,,,,,,,,,,,,,,,,,,,,,,,,,,,,,,,,,,,,,,,,,
terminate,,,,,,,,,,,,,,,,,,,,,,,,,,,,,,,,,,,,,,,,,,,,,,,,,,,,,,,,,,,,,,,,,,,,,,,,,,,,,,,,,,,,,,,,,,,,,,,,,,,,,,,,,,,,,,,,,,,,,,,,,,,,,,,,,,,,,,,,,,,,,,,,,,,,,,,,,,,,,,,,,,,,,,,,,,,,,,,,,,,,,,,,,,,,,,,,,,,,,,,,,,,,,,,,,,,,,,,,,,,,,,,,,,,,,,,,,,,,,,,,,,,,,,,,,,,,,,,,,,,,,,,,,,,,,,,,,,,,,,,,,,,,,,,,,,,,,,
QP22,2633.808,2799,2487.52,3270.176,8193.48,6569.764,4563.848,4330.036,4426.304,4583.616,4246.624,4164.784,3607.276,3196.66,3342.756,4000.96,6562.268,5477.828,5160.092,7668.812,4567.352,4492.6,5835.296,5770.812,5964.48,6163.524,9051.004,7392.236,6612.688,6101.036,5503.452,5165.432,8003.14,7086.4,4098.236,5822.78,9583.992,7855.26,7804.88,8309.524,6238.148,6298.692,5394.432,7582.592,6045.444,3857.404,5813.868,6148.336,4358.312,3695.568,4373.308,4478.044,4685.196,4096.612,4722.676,3197.612,3386.144,2543.848,2541.896,8812.208,8309.632,10179.684,9703.432,9008.448,8538.668,8805.676,9059.504,2254.08,3694.296,3993.344,4371.7,4386.492,4310.536,4400.68,3813.248,3855.8,8265.084,9853.82,9342.104,9484.84,10534.592,10080.192,9327.688,8101.572,6656.216,6799.72,6170.364,6343.36,5839.064,6669.12,9013.296,9622.696,10928.276,8580.896,3428.384,6641.972,9532.808,10046.788,8931.456,8472.108,8938.408,7850.984,8883.664,11231.524,11592.752,10535.184,9106.888,5790.94,5017.296,6998.856,3625.44,2170.236,2769.6,3325.304,4179.94,2507.116,2762.172,2568.36,3337.136,2566.832,1869.812,3857.84,6774.148,8102.492,8194.208,10342.728,7642.024,8021.248,5154.12,4249.876,4562.844,3228.66,2189.508,1966.068,2083.38,2081.036,2298.988,2005.82,2267.8,2440.708,6343.592,8632.844,9181.036,8733.996,8157.316,4953.688,3433.408,2219.076,1907.468,2247.212,4119.1,7134.188,5348.068,3026.244,2860.596,2501.276,5364.016,6795.672,8362.996,2753.968,7726.016,7219.22,7156.8,8608.984,6265.164,2236.524,1798.64,2493.9,2758.336,2671.816,2286.38,2276.644,2442.888,5034.38,3350.996,2945.46,3982.36,4616.204,5664.848,7536.68,6456.756,5572.188,4323.604,4772.784,4952.204,4236.04,2982.54,3494.212,3252.964,3527.284,2704.652,2988.588,3033.924,3170.236,2524.38,2476.72,2397.816,2231.84,2748.508,2472.492,2712.268,1844.644,1820.424,3469.14,5995.532,4482.696,4026.568,2407.304,2548.924,2653.676,2553.036,2685.228,2617.336,2498.932,2858.588,2858.356,2938.536,3127.952,2960.344,2687.06,2471.568,2981.24,3734.212,5144.296,5359.012,6647.304,4570.756,3744.64,3595.7,3108.616,2764.168,4949.464,5969.52,6129.932,3902.856,4297.316,3727.436,3056.616,2763.068,5697.084,6256.012,6298.956,5937.812,6112.18,5176.86,5320.884,6268.188,5890.768,6706.244,7296.388,6282.724,4873.716,4438.08,2656.044,3885.156,5545.74,4389.456,4275.324,4268.976,3445.94,3553.324,3794.592,6052.504,6948.088,5645.356,5381.784,7818.248,5128.552,4065.252,2139.072,1192.068,2059.528,2015.076,1250.888,2532.452,3235.248,2750.856,13045.82,16636.432,7305.66,5628.424,6052.988,4504.092,5635.904,4128.672,3675.972,4024,4917.212,4291.028,3299.272,3815.856,4624.396,3609.552,3473.192
QP28,1232.42,1284.912,1124.872,1370.596,3623.428,3007.788,2029.856,1838.14,1921.032,1998.084,1807.932,1822.228,1583.428,1364.696,1426.292,1730.636,3059.324,2464.944,2364.704,3869.412,2162.656,2068.336,2800.528,2794.832,2954.068,3017.664,4607.088,3543.34,3148.644,2973.7,2505.472,2301.32,3754.676,3427.976,2054.012,2912.152,4314.38,3777.88,3668.732,4076.36,2952.084,3117.824,2543.552,3577.388,2669.964,1710.736,2509.516,2704.216,1997.948,1737.396,1986.376,1911.196,1918.336,1682.032,1843.332,1255.452,1385.832,971.14,967.7,3358.18,3284.012,4117.856,3915.488,3639.48,3408.972,3495.968,3591.604,701.38,1207.536,1396,1574.72,1585.348,1505.156,1539.132,1225.456,1434.28,3517.744,4327.388,4061.168,4194.856,4741.968,4368.672,3776.26,3191.68,2297.088,2401.604,2136.08,2510.716,2308.56,2567,3693.752,3727.384,4480.36,3458.96,1422.176,2460.532,3858.124,4062.208,3615.204,3500.184,3706.468,3013.728,3457.08,4433.524,4607.476,4605.836,4495.092,2557.816,2128.452,3033.772,1570.824,730.616,1028.02,1439.936,1893.96,1144.076,1282.552,1265.94,1625.392,1249.412,878.516,1927.928,3477.468,4034.096,3874.328,5406.536,3946.732,4082.216,2391.96,1990.784,2116.5,1478.676,988.46,873.34,939.072,983.716,1120.6,928.624,1017.78,1083.252,2802.336,4101.048,4287.24,4153.968,3818.056,2142.296,1403.356,893.632,802.136,900.632,1701.712,3069.936,2336.9,1273.848,1194.484,942.028,2250.396,2911.756,3836.384,1200.608,3603.072,3240.448,3161.432,4060.404,2848.668,828.856,608.536,946.84,1070.08,1026.676,743.392,734.056,851.388,1988.62,1106.424,1017.744,1445.276,1871.976,2295.448,3505.76,2977.236,2408.696,1852.888,2163.52,2277.748,1788.08,1236.368,1407.724,1325.772,1397.692,1007.628,1179.588,1187.652,1271.52,1001.112,894.664,907.804,1006.856,1325.188,1260.448,1298.152,781.432,788.824,1579.752,2876.58,2047.236,1766.576,905.552,1081.928,1218.444,1195.54,1201.132,1198.948,1072.108,1303.34,1306.516,1359.012,1453.948,1355.716,1135.432,1093.616,1388.264,1711.304,2456.796,2536.664,3221.336,2080.632,1786.696,1641.492,1359.816,1143.064,2280.192,2680.056,2749.788,1740.78,1917.436,1678.656,1380.316,1255.716,2411.616,2728.6,2826.808,2607.564,2769.956,2404.076,2343.892,2807.16,2672.684,3061.344,3128.828,2638.308,1952.736,1825.268,1045.796,1518.456,2285.228,1995.748,1751.42,1830.964,1303.704,1378.848,1523.94,2765.716,3162.292,2454.652,2351.2,3631.572,2213.416,1592.5,785.18,352.496,659.348,708.22,581.076,1136.12,1475.136,1210.948,6343.708,7702.8,3275.076,2659.068,2676.48,1915.384,2469.068,1662.888,1474.968,1634.456,2114.58,1845.892,1465.68,1707.788,1942.076,1479.324,1418.392
QP34,657.66,660.68,578.428,612.864,1649.196,1511.34,1038.728,942.168,987.464,1011.968,897.14,920.352,812.792,702.832,722.508,932.216,1662.588,1245.16,1206.148,1996.98,1092.54,1021.376,1403.04,1433.308,1557.14,1550.5,2463.532,1775.336,1626.764,1598.12,1244.092,1125.856,1768.456,1725.312,1090.24,1563.904,1955.368,1922.736,1902.904,2182.796,1510.872,1658.716,1320.144,1840.428,1337.296,893.964,1262.136,1359.816,1031.456,924.544,1010.112,904.024,889.408,764.364,835.388,591.696,675.136,466.12,451.22,1497.788,1446.004,1895.736,1788.76,1677.188,1568.06,1590.696,1601.312,306.1,482.436,580.944,664.932,670.832,620.952,620.512,468.192,570.972,1586.864,1988.12,1894.732,1979.832,2231.676,1973.696,1569.664,1292.864,984.756,1028.984,931.504,1130.26,863.38,1018.692,1462.716,1422.468,1761.824,1445.584,584.212,900.04,1637.56,1762.256,1538.844,1523.188,1602.516,1263.08,1434.584,1925.536,2074.108,2151.412,2157.592,1197.06,1015.692,1440.924,768.388,366.144,532.404,787.656,952.348,634.844,667.304,708.24,893.628,694.352,487.732,1050.196,1845.072,2102.356,1928.02,2924.316,2089.312,2137.536,1207.512,1001.328,1070.884,765.896,528.604,477.784,510.972,547.164,608.996,498.476,547.624,557.44,1448.744,2208.112,2292.132,2280.628,2134.252,1140.416,744.468,468.164,407.832,458.808,868.228,1594.308,1225.752,660.556,618.588,491.376,1183.304,1614.292,2076.728,645.852,1976.168,1709.724,1710.872,2228.612,1480.492,396.708,283.124,477.86,543.952,513.72,319.32,313.672,412.296,957.304,498.08,464.68,699.248,953.624,1158.648,1852.488,1566.76,1187.148,918.82,1142.672,1199.808,920.536,660.912,694.284,676.004,682,492.136,568.356,575.572,617.672,501.152,422.668,438.84,514.576,698.5,700.364,764.668,428.516,425.784,851.284,1524.004,1098.072,915.976,442.136,559.636,661.908,646.884,641.216,638.936,568.94,704.668,704.736,737.764,770.78,739.144,588.732,579.612,765.308,898.424,1296.436,1351.436,1712.608,1042.628,971.972,848.528,673.056,526.328,1136.268,1268.04,1319.72,829.192,913.128,843.144,707.864,657.744,1037.536,1163.4,1267.844,1163.988,1259.256,1156.912,1105.432,1295.56,1289.148,1450.976,1398.888,1229.008,892.54,857.816,526.992,747.992,1058.924,1024.956,902.156,928.62,590.772,634.084,720.476,1452.36,1644.384,1306.488,1291.852,1986.996,1235.876,841.112,414.888,178.752,314.836,350.528,315.832,634.844,835.716,668.812,2811.388,3390.596,1573.572,1420.36,1387.16,964.144,1269.696,845.28,748.376,830.652,1076,926.888,768.392,949.076,956.756,722.26,695.26
QP38,446.436,437.888,377.376,360.372,997.728,1003.788,697.756,623.372,656.284,679.38,585.92,602.436,548.1,494.216,476.744,663.18,1133.112,817.448,795.724,1260.32,689.98,656.908,886.032,941.388,1023.316,999.752,1644.888,1139.728,1067.176,1064.592,803.752,722.852,1081.92,1107.452,722.06,1051.324,1172.224,1249.772,1268.68,1471.64,1023.624,1095.228,877.224,1189.26,859.744,609.292,834.944,890.336,678.816,615.788,654.524,554.944,541.348,451.996,513.18,369.388,442.312,297.292,282.516,851.68,783.932,1095.872,1047.74,994.048,935.276,927.172,928.072,190.092,294.512,358.192,409.644,410.032,380.796,372.588,270.124,324.26,944.24,1181.276,1136.336,1183.868,1340.412,1172.488,914.808,747.508,597.944,605.128,557.14,676.044,475.592,572.384,832.216,778.192,993.44,821.82,332.388,487.712,961.46,1047.252,895.716,882.568,942.024,717.788,764.112,1080.04,1216.7,1304.72,1324.936,749.152,649.02,902.46,487.64,254.268,386.028,574.576,632.792,444.14,436.408,506.228,635.788,479.216,347.292,708.52,1214.784,1385.664,1231.972,1960.72,1359.544,1389.064,776.32,643.568,695.564,516.864,367.988,329.696,360.236,390.38,430.64,337.752,375.796,360.056,983.176,1509.624,1568.024,1576.42,1496.944,776.164,490.86,320.512,265.56,315.832,592.348,1106.38,841.572,454.816,412.516,335.292,817.14,1165.764,1442.332,445.244,1410.232,1163.632,1176.692,1544.608,987.976,261.24,182.228,320.372,362.352,339.056,193.388,194.804,272.7,618.74,316.312,289.716,468.3,670.988,773.124,1230.836,1059.628,760.96,588.916,793.176,814.344,630.76,469.592,453.284,463.796,450.484,325.136,370.84,368.376,397.008,327.832,268.96,284.828,334.996,463.008,513.868,577.256,296.292,289.956,586.876,1059.928,753.908,616.232,290.2,368.856,441.44,450.948,457.632,445.096,391.156,477.988,481.26,509.74,532.98,511.108,395.704,394.208,538.092,600.808,882.772,930.36,1167.452,670.912,665.936,570.148,438.016,332.88,736.828,780.176,809.108,512.308,558.484,555.672,479.916,462.908,605.344,663.272,748.456,690.136,729.372,715.476,612.056,755.536,810.736,886.812,817.016,751.44,553.748,521.924,351.984,493.34,676.816,693.188,605.864,627.18,357.384,389.632,441.928,921.804,1109.1,928.044,892.072,1379.796,896.1,589.532,291.548,124.892,211.988,239.012,215.44,449.064,601.628,478.852,1442.032,1911.196,1038.712,988.192,939.46,640.516,854.88,566.668,497.304,553.828,713.448,602.044,525.332,653.324,617.644,454.848,440.404
QP42,314.388,295.812,255.18,212.924,606.072,677.892,491.924,427.536,444.544,464.028,393.256,417.448,378.752,356.592,335.584,494.788,804.136,554.116,537.016,798.652,451.58,435.616,572.6,615.708,678.372,666.944,1100.3,749.244,712.412,718.628,544.568,473.576,680.936,730.936,496.384,725.52,721.728,826.1,891.204,1024.364,670.952,741.708,593.488,778.708,569.9,426.456,580.7,607.612,466.012,415.64,432.74,349.904,334.884,276.564,323.08,237.56,291.208,200.168,176.748,464.364,423.384,620.7,597.96,593.72,544.736,563.692,571.352,120.872,191.452,234.892,276.248,270.42,252.1,243.456,166.164,196.972,583.712,712.628,690.08,706.256,819.432,715.84,567.876,459.084,380.4,378.344,352.74,422.48,283.164,346.728,491.852,432.256,563.4,485.684,207.12,283.196,579.576,636.044,529.98,524.7,572.328,413.244,375.252,584.26,706.1,792.732,824.152,475.908,429.856,585.848,324.848,185.012,298.684,456.884,435.788,321.776,290.596,354.416,475.84,353.22,257.916,494.256,811.792,967.612,808.392,1348.972,917.628,901.056,521.6,428.38,462.4,360.636,268.528,241.292,265.044,288.236,324.66,234.724,262.876,245.936,705.984,1089.004,1144.104,1171.588,1116.78,558.524,337.54,228.796,184.312,224.252,428.384,793.8,624.56,330.724,286.28,247.472,601.912,867.048,1036.94,329.224,1055.068,853.468,876.452,1147.504,709.312,182.58,124.992,225.268,255.484,239.776,125.644,129.396,192.248,424.5,216.704,195.54,330.532,459.06,538.644,838.8,729.86,491.628,398.224,548.924,565.544,442.9,352.892,298.976,322.78,315.832,223.016,240.456,242.284,254.184,223.116,170.084,186.684,220.692,295.58,380.668,445.76,215.416,209.62,411.84,773.616,546.484,432.764,202.532,257.184,311.176,323.852,338.528,319.628,279.42,338.404,341.384,372.476,377.02,364.416,271.336,278.344,386.84,424.556,634.552,661.232,834.18,454.54,472.692,410.552,300.816,223.216,491.532,499.168,509.88,329.552,358.344,378.592,332.456,345.284,370.144,394.224,455.664,435.068,426.756,432.48,308.64,439.4,504.636,508.124,487.3,470.592,357.036,332.82,247.148,338.64,445.084,479.76,434.56,427.04,233.24,253.812,286.56,605.248,787.628,700.024,665.544,1012.988,681.792,447.084,219.232,94.936,151.916,176.664,158.276,337.184,462.208,363.828,761.584,1082.044,721.492,714.128,641.792,451.216,606.348,392.892,343.548,389.828,487.08,426.356,379.188,452.332,407.964,290.736,282.588
QP48,177.636,163.048,138.792,104.852,234.248,309.196,272.884,211.288,229.984,229.66,188.244,233.676,217.832,204.136,188.24,305.768,461.864,296,287.492,384.968,228.64,241.688,289.912,291.724,329.132,347.844,521.624,381.308,369.848,372.556,291.02,246.764,331.18,377.52,267.024,387.924,351.916,424.148,488.584,544.04,345.936,390.776,309.88,385.708,283.028,228.068,304.44,339.912,240.26,211.664,224.432,176.224,155.732,130.532,153.304,120.852,156.464,112.276,102.912,188.556,167.604,268.968,271.744,269.964,267.948,282.668,282.128,63.896,93.56,121.788,142.944,138.948,125.592,119.612,87.244,98.44,275.044,334.4,328.004,328.148,380.128,349.056,294.66,235.592,200.264,200.804,186.704,220.348,150.484,171.412,243.828,203.192,261.496,237.704,110.324,141.856,279.66,313.4,248.128,245.736,266.892,191.576,129.252,200.68,273.296,343.468,367.62,230.26,228.628,278.616,173.612,120.3,192.052,288.148,250.416,192.512,167.696,196.772,297.888,219.844,165.968,271.864,422.416,544.264,392.692,701.772,454.888,423.4,271.86,229.036,252.532,210.32,166.136,152.804,168.544,183.1,189.548,130.832,163.504,139.672,411.372,648.608,666.008,719.236,685.948,308.836,188.18,135.76,109.968,134.144,258.908,485.212,381.124,214.16,162.256,157.052,375.068,534.068,634.448,188.236,667.176,528.468,534.5,675.664,418.116,109.236,73.992,135.68,151.752,148.524,77.096,72.224,116.648,240.38,130.868,116.796,195.944,246.824,310.54,447.748,391.496,227.444,198.996,287.1,306.824,230.2,215.284,159.26,177.496,177.16,123.752,123.508,125.044,125.164,124.016,84.676,101.848,116.28,152.856,231.736,305.188,138.08,129.42,236.508,463.688,322.576,250.208,121.692,152.272,174.444,181.432,202.032,192.112,164.644,201.816,193.476,212.748,207.096,202.08,152.616,162.332,207.78,243.364,373.372,390.328,495.336,254.828,253.344,236.564,161.368,114.716,261.408,241.528,249.936,170.852,189.384,209.044,193.516,210.976,182.052,191.664,215.832,215.576,210.932,211.22,144.288,214.668,256.42,231.668,258.284,271.532,193.372,181.468,148.604,189.744,243.34,264.564,250.26,235.876,126.956,134.936,149.704,278.2,454.516,426.372,395.608,549.44,434.776,287.616,143.248,64.98,99.14,112.56,99.928,219.552,325.648,246.832,328.832,454.4,406.348,423.324,405.528,270.208,358.592,223.592,195.444,223.048,269.528,239.044,215.084,235.384,225.72,155.12,146.784
,,,,,,,,,,,,,,,,,,,,,,,,,,,,,,,,,,,,,,,,,,,,,,,,,,,,,,,,,,,,,,,,,,,,,,,,,,,,,,,,,,,,,,,,,,,,,,,,,,,,,,,,,,,,,,,,,,,,,,,,,,,,,,,,,,,,,,,,,,,,,,,,,,,,,,,,,,,,,,,,,,,,,,,,,,,,,,,,,,,,,,,,,,,,,,,,,,,,,,,,,,,,,,,,,,,,,,,,,,,,,,,,,,,,,,,,,,,,,,,,,,,,,,,,,,,,,,,,,,,,,,,,,,,,,,,,,,,,,,,,,,,,,,,,,,,,,,
tokyo,,,,,,,,,,,,,,,,,,,,,,,,,,,,,,,,,,,,,,,,,,,,,,,,,,,,,,,,,,,,,,,,,,,,,,,,,,,,,,,,,,,,,,,,,,,,,,,,,,,,,,,,,,,,,,,,,,,,,,,,,,,,,,,,,,,,,,,,,,,,,,,,,,,,,,,,,,,,,,,,,,,,,,,,,,,,,,,,,,,,,,,,,,,,,,,,,,,,,,,,,,,,,,,,,,,,,,,,,,,,,,,,,,,,,,,,,,,,,,,,,,,,,,,,,,,,,,,,,,,,,,,,,,,,,,,,,,,,,,,,,,,,,,,,,,,,,,
QP22,42.068,41.336,40.996,234.428,550.048,286.964,93.764,106.076,133.604,145.504,141.78,139.372,145.952,59.496,75.176,71.788,80.144,87.604,97.824,101.2,100.88,98.672,96.36,90.904,97.248,97.38,96.772,98.58,96.296,149.936,836.756,550.636,1100.808,1222.364,323.252,146.392,286.988,309.216,299.716,296.42,275.248,456.86,654.956,515.624,660.828,795.94,1209.44,800.492,611.472,557.596,435.996,516.94,921.184,682.964,828.416,1121.596,1286.62,1173.052,1198.784,1312.788,1161.376,959.2,703.82,923.768,743.064,343.26,954.16,950.224,424.52,211.248,214.328,203.736,176.868,144.512,574.372,1330.616,1315.456,1231.796,1213.552,1286.28,987.924,1006.132,1003.484,1577.62,570.448,108.2,15,16.168,18.288,23.608,35.176,107.356,146.984,42.552,43.252,45.768,47.68,48.704,50.304,50.176,52.944,56.056,55.116,57.724,59.52,59.556,59.464,63.852,64.04,64.144,64.56,64.284,272.928,410.576,733.2,1129.02,1157.656,1659.412,1452.652,1116.828,722.044,1853.46,2024.888,1868.848,1750.404,686.016,1300.244,1448.748,1201.2,1387.512,1434.76,1500.272,1327.544,1020.608,399.308,336.612,387.852,319.68,503.824,1019.68,1086.472,1322.944,1724.18,1854.464,2164.332,741.464,1887.872,2781.792,2910.028,2838.924,2862.856,2582.704,2358.96,2168.936,1461.888,1481.3,1901.816,1592.248,899.572,566.184,571.568,538.38,704.384,656.764,573.704,374.32,491.396,442.792,680.324,683.1,1351.452,1890.756,1671.048,1215.996,999.852,798.908,878.488,953.188,1089.928,1236.724,1338.092,1259.748,1288.688,1422.236,1412.488,1301.368,1025.456,905.7,261.424,483.26,727.512,903.252,636.728,1101.276,1072.34,784.28,907.436,619.516,573.992,908.06,990.52,721.656,983.368,1185.804,1318.088,1175.28,806.456,628.22,995.472,797.736,813.848,700.32,670.5,592.26,451.536,240.032,237.196,250.184,244.664,250.368,251.432,422.604,438.372,671.924,652.576,614.416,567.696,686.604,668.204,391.868,336.92,199.236,328.608,640.464,1195.952,1230.492,1328.656,852.588,890.108,1214.664,1264.488,1153.1,1339.208,1538.112,1278.896,1288.14,561.328,2064.9,2025.476,1946.916,2281.464,2458.716,2619.476,2893.236,3067.228,3223.432,3539.112,3667.328,3780.42,2849.196,901.668,1060.172,1055.956,1121.18,654.704,374.184,689.104,862.392,4058.968,3322.448,2034.716,705.46,902.244,1244.748,1365.476,1293.688,1262.888,886.5,445.216,724.572,849.372,852.556,691.692,895.496,1225.04,1546.688,1665.628,1437.296,1036.372,540.1,545.728,570.548,586.944,593.128
QP28,24.18,27.592,26.448,106.456,241.912,129.752,46.656,51.628,68.604,72.424,69.128,68.96,73.416,36.176,41.48,41.308,45.536,45.252,49.74,50.328,51.476,49.992,47.492,46.716,49.604,49.608,48.84,50.92,49.14,65.712,351.64,219.232,460.224,552.804,113.592,44.096,109.376,126.776,119.396,115.648,109.68,189.488,270.372,203.012,270.516,341.068,502.444,331.604,246.76,227.904,195.264,203.292,271.836,248.348,299.856,408.52,502.404,445.836,462.732,524.192,433.536,382.484,302.98,371.064,300.68,138.18,382.528,370.124,162.336,73.156,68.6,66.064,57.276,48.016,224.452,555.48,555.364,517.784,509.168,533.736,409.384,437.988,420.524,700.516,236.684,52.412,10.112,11.028,11.86,13.576,19.576,56.92,76.896,22.604,23.136,23.748,24.648,25.276,26.332,25.712,27.36,28.336,28.056,29.056,30.12,30.32,30.064,32.524,32.728,32.312,32.676,32.964,110.824,165.116,321.652,523.576,519.112,780.248,665.728,477.748,305.12,923.42,999.888,884.604,810.932,284.448,565.46,642.932,514.508,520.372,575.28,633.6,521.652,400.532,151.976,129.764,158.78,122.056,195.276,397.496,422.388,523.688,695.144,757.972,914.964,313.368,908.508,1375.572,1437.24,1415.36,1407.316,1261.444,1139.076,1049.732,725.328,764.804,977.228,807.528,383.704,205.216,230.776,240.696,312.876,293.24,255.524,168.824,221.184,181.444,302.792,293.62,628.876,899.916,808.676,612.796,494.94,304.388,301.756,330.012,390.46,457.772,504.988,443.912,474.764,521.324,559.7,546.92,447.276,396.436,118.976,221.616,338.772,413.464,313.424,506.684,488.688,403.284,461.864,298.436,286.552,427.872,485.38,338.24,479.856,587.236,633.992,553.604,385.616,261.7,486.376,383.832,332.472,250.456,242.208,217.552,167.916,99.944,99.404,101.484,103.704,102.856,103.976,196.816,200.768,310.88,302.832,307.32,273.02,339.988,315.776,180.856,156.956,94.28,156.968,258.476,444.516,460.336,527.044,374.296,410.388,575.448,592.548,539.02,632.368,733.052,577.208,587.952,257.432,925.084,896.36,839.656,998.736,1057.552,1134.948,1299.636,1434.36,1466.22,1583.044,1649.032,1717.76,1310.928,436.336,504.736,509,551.636,306.456,151.996,338.144,419.672,2022.964,1614.08,966.352,324.328,386.732,507.94,539.296,511.388,479.552,338.148,182.868,304.224,321.696,306.832,280.692,374.736,542.636,710.928,776.928,653.224,451.856,205.652,211.188,218.34,228.412,229.836
QP34,20.36,24.184,21.7,49.396,104.024,57.784,27.244,30.764,40.744,42.364,41.02,40.44,43.316,23.14,27.36,27.12,26.852,29.552,31.136,31.532,32.232,31.176,30.284,29.036,31.52,30.908,30.664,31.716,30.584,37.296,164.08,91.908,207.98,253.488,49.884,18.172,47.116,55.532,52.732,50.06,47.332,80.42,113.332,79.088,105.66,147.444,182.432,136.608,108.976,106.404,98.78,94.72,105.38,91.088,117.596,154.868,204.164,179.904,187.884,213.088,169.48,162.344,141.904,152.752,131.28,67.888,162.256,153.376,70.356,34.224,31.148,30.644,26.34,23.748,92.812,218.144,223.632,207.5,209.228,218.196,169.544,200.196,176.024,298.432,101.552,27.88,8.352,8.24,8.764,9.492,12.024,31.176,46.072,14.972,15.02,16.136,16.028,16.416,17.424,16.76,17.3,18.148,17.856,18.488,19.252,19.624,19.324,20.288,20.868,20.184,20.34,20.26,57.104,83.624,148.836,251.784,242.316,355.336,308.548,203.992,136.264,452.4,474.52,408.188,382.568,121.828,238.156,290.52,218.432,209.352,231.996,269.712,215.564,160.284,66.76,57.112,71.956,57.268,80.328,171.172,187.528,221.096,276.932,301.7,372,139.8,438.576,663.728,676.224,662.68,661.748,606.524,545.172,500.636,366.864,398.164,513.992,423.428,185.972,98.696,114.14,123.144,157.436,151.76,132.5,92.604,110.752,92.528,145.48,134.984,292.5,423.82,393.38,320.22,262.116,133.948,118.72,130.976,153.94,184.384,206.524,184.992,200.36,218.64,236.328,239.076,212.576,187.796,65.432,118.152,167.308,202.844,166.124,256.756,247.584,223.028,241.308,158.216,162.22,213.472,256.104,176.456,247.856,294.644,309.156,284.16,207.344,125.64,247.884,209.06,155.7,105.76,100.388,88.852,72.632,46.864,46.52,46.864,48.116,48.044,48.868,97.936,103.168,156.876,152.36,159.796,143.564,186.144,158.28,88.456,76.972,46.532,78.06,114.94,187.644,190.84,223.028,173.444,198.912,281.244,292.68,260.812,309.176,359.192,260.528,262.584,117.576,384.612,372.308,347.02,424.812,444.636,475.928,554.228,606.352,611.688,668.048,698.484,734.016,577.848,226.372,254.372,259.088,280.576,156.42,73.84,172.184,216.48,931.72,724.292,427.94,162.548,181.012,228.836,235.448,213.316,194.212,141.696,89.736,145.992,151.66,145.78,131.556,175.292,251.128,337.332,364.8,302.196,204.776,91.656,93.352,97.016,100.108,100.412
QP38,13.02,16.128,15.02,32.012,59.652,33.072,19.408,22.332,31.18,31.72,31.144,31.664,29.964,18.972,22.84,22.252,19.508,23.184,23.888,24.396,24.852,23.784,23.68,22.996,24.744,24.012,23.612,24.692,23.396,27.764,100.052,51.028,122.86,148.252,33.848,12.864,27.78,32.724,31.084,29.504,28.368,47.34,63.2,43.24,55.476,81.412,89.268,82.352,66.316,66.668,68.004,62.064,61.228,44.296,61.256,86.368,117.012,104.484,107.92,118.74,96.432,93.076,86.016,87.812,77.048,45.692,95.304,89.88,45.044,21.6,20.36,20.636,19.024,17.112,48.836,110.736,115.576,109.256,109.992,112.796,91.14,120.176,100.624,165.124,58.928,21.264,8.612,8.092,7.812,8.212,10.116,22.06,35.3,13.428,13.76,13.708,14.42,14.62,15.396,14.972,15.108,15.428,15.88,16.352,16.252,16.656,16.892,17.552,17.024,16.6,17.268,17.38,38.284,54.216,87.172,155.012,146.564,206.08,180.784,114.404,78.432,272.668,280.956,236.04,231.892,66.94,128.936,170.496,124.548,119.608,127.044,149.068,125.08,87.032,38.02,34.072,43.852,39.008,43.864,103.392,112.032,133.42,155.156,166.2,197.96,81.508,262.464,387.144,378.504,369.784,372.052,355.532,319.784,294.896,225.132,254.276,324.1,266.96,119.092,61.22,72.768,83.996,105.936,104.324,90.988,64.248,74.716,62.648,89.912,80.264,168.616,248.056,241.428,208.912,170.476,83.008,70.28,77.432,89.012,106.088,117.728,102.752,110.992,115.088,122.196,130.924,122.548,111.752,45.756,77.728,106.028,129.82,114.904,164.092,160.92,153.364,155.316,106.624,112.948,136.952,170.584,118.096,163.136,184.444,193.404,183.9,138.54,78.928,161.316,141.824,100.68,61.956,59.324,51.6,43.884,29.04,28.796,29.216,29.64,29.64,30.048,61.492,69.32,103.9,99.56,108.348,94.94,125.492,102.02,54.772,48.748,30.864,50.084,68.292,113.108,112.728,128.12,106.552,125.24,174.912,182.292,161.7,191.476,220.416,151.936,153.204,67.692,216.908,208.792,193.652,231.46,245.84,260.204,301.012,342.092,342.64,376.136,388.36,406.104,328.652,147.32,163.928,164.9,181.124,102.26,48.348,114,143.092,492.884,376.92,234.244,101.736,110.068,133.472,133.532,122.644,110.32,82.564,59.74,91.7,92.204,89.224,81.672,107.476,151.58,204.532,221.216,180.92,120.98,54.376,54.08,55.76,57.296,57.992
QP42,11.456,12.532,12.008,20.072,36.464,20.948,13.764,16.26,22.236,22.024,21.904,22.292,19.74,14.352,17.412,17.392,14.9,18.652,19.424,19.324,19.62,19.108,19.024,18.828,19.572,19.144,18.844,19.38,18.148,21.832,61.728,29.548,73.736,85.976,23.184,10.116,16.788,18.98,18.944,18.052,17.704,28.332,35.068,23.336,32.564,45.148,47.244,51.984,42.276,44.216,48.128,41.308,34.904,22.9,29.144,52.636,71.096,64.704,67.456,72.36,58.62,56.184,55.064,52.704,47.032,33.82,58.272,55.196,28.54,15.78,15.168,13.904,13.98,13.288,27.28,53.36,57.432,56.064,57.044,57.168,50.608,71.072,59.836,91.364,35.728,17.324,7.784,6.872,7.208,7.756,8.664,16.504,26.16,11.348,11.32,11.476,11.636,12.184,12.56,12.504,12.42,12.872,13.376,14.184,13.248,14.064,14.032,14.708,14.248,14.212,14.504,14.46,26.728,35.124,51.896,96.428,90.148,120.48,104.752,65.404,46.712,161.736,164.036,136.06,138.008,39.188,71.2,102.436,73.432,68.388,67.72,79.228,71.5,47.14,23.652,22.536,28.108,27.304,25.604,62.868,69.02,79.288,88.78,91.468,107.172,47.624,157.476,218.444,199.184,192,197.512,198.34,179.436,168.428,141.012,161.056,202.416,167.02,75.792,37.268,46.144,59.316,74.764,70.684,63.68,45.948,52.6,44.112,57.368,49.72,93.84,144.276,147.16,138.212,115.004,51.568,43.832,48.176,54.496,63.568,70.272,60.52,65.488,64.644,65.388,68.488,64.552,63.232,32.636,51.356,68.348,90.156,81.484,109.104,107.316,107.472,102.076,76.972,84.008,93.112,118.6,83.348,110.732,114.136,120.552,121.568,96.768,51.06,106.056,100.964,67.752,38.964,37.792,34.016,28.78,20.088,20.052,20.228,20.46,20.264,20.704,41.548,48.984,71.508,69.788,77.588,63.632,87.116,69.228,34.248,30.624,21.336,33.36,43.076,69.46,67.024,73.38,64.508,80.384,109.812,114.936,101.708,118.904,135.996,91.348,90.776,37.756,113.28,103.444,92.24,112.44,126.276,133.968,156.908,194.34,200.72,216.796,222.076,219.476,182.868,98.08,106.6,108.476,118.812,68.988,33.34,76.456,96.536,225.08,177.104,123.8,63.8,66.184,75.576,74.476,71.472,65.676,51.508,40.772,60.82,53.524,50.2,52.208,66.624,92.604,125.268,133.64,109.324,72.004,29.048,28.916,29.212,30.2,30.924
QP48,8.46,9.5,8.716,12.552,19.232,12.664,9.06,11.112,13.884,14.196,14.304,13.864,12.54,9.816,11.564,11.604,10.016,13.952,14.164,13.86,14.308,14.124,14.004,13.908,14.032,14.268,13.892,14.236,13.716,15.928,30.256,15.444,33.128,37.244,12.96,8.992,10.256,11.128,10.956,10.38,10.268,15.08,15.824,10.684,13.736,18.848,19.496,25.136,20.86,22.652,28.956,25.44,17.076,12.468,13.196,23.548,29.872,29.94,31.74,33.416,26.208,28.432,30.368,24.62,22.48,21.596,27.836,28.744,15.28,10.48,10.672,10.856,10.756,10.24,13.96,18.12,19.752,21.192,21.7,20.196,21.144,36.052,29.936,35.4,18.348,10.808,6.928,7.804,7.216,7.712,7.808,11.58,17.22,9.212,9.624,9.6,9.332,9.904,9.812,10.144,10.044,9.516,9.644,10,9.94,9.728,9.688,10.224,10.572,10.144,10.86,10.256,15.952,18.948,24.032,45.52,42.548,54.22,46.592,28.108,23.336,68.468,69.296,54.4,61.22,20.808,31.6,46.792,37.128,25.328,24.884,29.192,29.252,20.092,13.052,13.648,15.708,17.016,12.632,29.08,33.556,36.552,40.144,39.568,42.184,22.332,66.516,81.128,62.804,58.028,61.884,71.844,66.924,65.688,70.644,83.744,98.784,84.204,39.736,17.768,24.176,32.452,41.104,38.56,36.936,28.348,29.876,24.848,27.172,22.608,34.96,56.908,66.364,71.056,62.028,25.908,17.132,20.116,23.268,27.54,29.096,25.372,27.804,27.504,28.372,28.676,25.1,26.416,19.376,27.66,36.32,53.044,50.412,57.824,56.612,60.528,54.672,47.992,51.64,51.492,64.952,48.256,57.544,52.652,55.188,62.216,55.264,28.376,54.224,60.176,37.336,20.948,19.888,18.616,16.488,12.22,12.624,12.38,12.28,12.712,12.476,22.784,27.36,41.392,41.528,45.444,34.924,46.936,37.12,18.344,16.944,12.788,17.204,21.944,30.868,28.752,30.648,31.932,40.532,53.272,57.66,48.116,56.452,63.704,41.16,43.116,17.244,35.164,32.344,29.176,35.552,38.768,39.836,50.064,62.548,68.044,72.116,71.072,70.16,64.076,53.128,54.34,58.66,63.212,39.02,19.308,41.312,52.412,46.488,42.424,39.396,29.064,28.472,27.784,29.928,30.836,29.564,24.04,23.392,31.844,23.444,22.584,26.856,32.316,45.812,57.82,62.424,52.204,36.52,14.176,14.124,14.408,14.488,14.832
